{"cameraMode":{"drawMode":0,"name":"Shaded","section":"Shading Mode"},"sceneLighting":true,"audioPlay":false,"sceneViewState":{"showFog":true,"showMaterialUpdate":true,"showSkybox":true,"showFlares":true,"showImageEffects":true,"showParticleSystems":true},"in2DMode":false,"pivot":{"x":-2.5667190551757814,"y":-2.0599498748779299,"z":3.3163132667541506},"rotation":{"x":-0.24715974926948548,"y":0.3268623352050781,"z":-0.0889885425567627,"w":-0.9078293442726135},"size":12.43658447265625,"orthographic":false}