{"cameraMode":{"drawMode":0,"name":"Shaded","section":"Shading Mode"},"sceneLighting":true,"audioPlay":false,"sceneViewState":{"showFog":true,"showMaterialUpdate":true,"showSkybox":true,"showFlares":true,"showImageEffects":true,"showParticleSystems":true},"in2DMode":false,"pivot":{"x":-2.7436327934265138,"y":-2.8148083686828615,"z":2.5189003944396974},"rotation":{"x":-0.27636441588401797,"y":0.35158053040504458,"z":-0.10945373773574829,"w":-0.8877126574516296},"size":12.43658447265625,"orthographic":false}